ID,Name,Claimed?,Phone,Count,Rating,City,State,Zip-code,Price,Reservations,Delivery,Take-out,Credit cards,Good for,Parking,Bike,Kids,Groups,Attire,Ambience,Noise,Alcohol,Outdoor,WiFi,TV,Waiter,Caters,Tag 1,Tag 2,Tag 3,Tag 4,Tag 5,Tag 6,Tag 7,Tag 8,Tag 9,,,,,,,,,,,,,,,,,,,,,,,,,,,,,,,,,,
,,,,,,,,,,,,,,,,,,,,,,,,,,,,,,,,,,,,,,,,,,,,,,,,,,,,,,,,,,,,,,,,,,,,,,
saydel-huntington-park, Saydel, False,3235812700,4,4.5, Huntington Park, CA,90255, , , , , , , , , , , , , , , , , , , , ,,,,,,,,,,,,,,,,,,,,,,,,,,,,,,,,,,,,,,,,,,
azla-los-angeles, Azla, True,2137457455,110,4.5, Los Angeles, CA,90007, Under $10, No, Yes, Yes, Yes, Lunch, Private Lot, Yes, Yes, Yes, Casual, Casual, Average, No, No, Free, No, No, Yes, [u'Ethiopian', u'ethiopian'], [u'Vegan', u'vegan'], [u'Gluten-Free', u'gluten_free'], ,,,,,,,,,,,,,,,,,,,,,,,,,,,,,,,,,,,,
taste-of-india-huntington-park, Taste of India, False,3235822979,77,4.5, Huntington Park, CA,90255, , , , , , , , , , , , , , , , , , , , [u'Indian', u'indpak'], ,,,,,,,,,,,,,,,,,,,,,,,,,,,,,,,,,,,,,,,,
the-good-karma-cafe-los-angeles, The Good Karma Cafe, True,2135319616,24,4.5, Los Angeles, CA,90089, Under $10, No, No, Yes, No, Lunch, Street, Yes, Yes, Yes, Casual, Casual, Average, No, Yes, Free, No, No, Yes, [u'Italian', u'italian'], [u'Indian', u'indpak'], [u'Buffets', u'buffets'], ,,,,,,,,,,,,,,,,,,,,,,,,,,,,,,,,,,,,
taras-himalayan-cuisine-los-angeles-2, Tara's Himalayan Cuisine, True,3237669775,42,4.5, Los Angeles, CA,90007, Under $10, Yes, Yes, Yes, Yes, Brunch, Private Lot, Yes, Yes, Yes, Casual, Casual, Quiet, No, No, No, No, Yes, Yes, [u'Himalayan/Nepalese', u'himalayan'], [u'Indian', u'indpak'], ,,,,,,,,,,,,,,,,,,,,,,,,,,,,,,,,,,,,,,
manas-indian-cuisine-los-angeles-2, Manas Indian Cuisine, True,3237314333,333,3.5, Los Angeles, CA,90007, , , , , , , , , , , , , , , , , , , , [u'Indian', u'indpak'], ,,,,,,,,,,,,,,,,,,,,,,,,,,,,,,,,,,,,,,,,
23rd-street-cafe-los-angeles, 23rd Street Cafe, True,2137491593,223,4, Los Angeles, CA,90007, Under $10, No, No, Yes, Yes, Lunch, Street, Yes, Yes, Yes, Casual, Casual, Average, No, Yes, Free, No, No, No, [u'Indian', u'indpak'], [u'Mexican', u'mexican'], [u'American (New)', u'newamerican'], ,,,,,,,,,,,,,,,,,,,,,,,,,,,,,,,,,,,,
dosa-truck-los-angeles, Dosa Truck, False,3108011441,119,3, Los Angeles, CA,90015, Under $10, No, No, Yes, No, Lunch, Street, , Yes, Yes, Casual, , Average, No, Yes, , , No, , [u'Indian', u'indpak'], [u'Food Stands', u'foodstands'], ,,,,,,,,,,,,,,,,,,,,,,,,,,,,,,,,,,,,,,
stuff-i-eat-inglewood, Stuff I Eat, True,3106710115,478,4.5, Inglewood, CA,90301, , , , , , , , , , , , , , , , , , , , [u'Vegan', u'vegan'], [u'Vegetarian', u'vegetarian'], ,,,,,,,,,,,,,,,,,,,,,,,,,,,,,,,,,,,,,,
gills-indian-restaurant-los-angeles-2, Gill's Indian Restaurant, True,2136231050,316,3.5, Los Angeles, CA,90017, , , , , , , , , , , , , , , , , , , , [u'Indian', u'indpak'], [u'Buffets', u'buffets'], ,,,,,,,,,,,,,,,,,,,,,,,,,,,,,,,,,,,,,,
massala-hut-los-angeles, Massala Hut, True,3237322222,31,4, Los Angeles, CA,90006, Under $10, Yes, Yes, Yes, Yes, Dinner, Private Lot, Yes, Yes, No, Casual, Divey, Quiet, No, No, No, Yes, Yes, No, [u'Halal', u'halal'], [u'Pizza', u'pizza'], [u'Indian', u'indpak'], ,,,,,,,,,,,,,,,,,,,,,,,,,,,,,,,,,,,,
indus-by-saffron-los-angeles, Indus by Saffron, True,2136881400,100,4, Los Angeles, CA,90017, , , , , , , , , , , , , , , , , , , , [u'Indian', u'indpak'], [u'Fast Food', u'hotdogs'], ,,,,,,,,,,,,,,,,,,,,,,,,,,,,,,,,,,,,,,
saffron-los-angeles, Saffron, True,2134889754,147,3.5, Los Angeles, CA,90071, Under $10, No, No, Yes, Yes, Lunch, Garage, Yes, Yes, Yes, Casual, Casual, Average, No, No, No, No, No, Yes, [u'Indian', u'indpak'], [u'Fast Food', u'hotdogs'], ,,,,,,,,,,,,,,,,,,,,,,,,,,,,,,,,,,,,,,
badmaash-los-angeles-2, Badmaash, True,2132217466,632,4, Los Angeles, CA,90012, , , , , , , , , , , , , , , , , , , , [u'Indian', u'indpak'], [u'Gastropubs', u'gastropubs'], [u'American (New)', u'newamerican'], ,,,,,,,,,,,,,,,,,,,,,,,,,,,,,,,,,,,,
saffron-los-angeles-4, Saffron, True,2136870555,20,4.5, Los Angeles, CA,90071, Under $10, No, No, Yes, Yes, Lunch, , Yes, Yes, Yes, Casual, Casual, Quiet, No, Yes, No, No, No, No, [u'Indian', u'indpak'], ,,,,,,,,,,,,,,,,,,,,,,,,,,,,,,,,,,,,,,,,
un-curry-los-angeles, Un-Curry, True,8182717018,13,5, Los Angeles, CA, , Above $61, Yes, No, Yes, Yes, , , , No, Yes, Casual, , Average, No, Yes, No, Yes, No, Yes, [u'Food Delivery Services', u'fooddeliveryservices'], [u'Indian', u'indpak'], ,,,,,,,,,,,,,,,,,,,,,,,,,,,,,,,,,,,,,,
bilal-halal-inglewood, Bilal Halal, False,3106414435,137,3.5, Inglewood, CA,90312, $11-30, No, No, Yes, Yes, Lunch+ Dinner, Private Lot, Yes, Yes, Yes, Casual, Casual, Average, No, No, No, Yes, Yes, Yes, [u'Indian', u'indpak'], [u'Halal', u'halal'], [u'Pakistani', u'pakistani'], ,,,,,,,,,,,,,,,,,,,,,,,,,,,,,,,,,,,,
the-village-hawthorne, The Village, False,3109731425,39,4, Hawthorne, CA,90250, $11-30, Yes, Yes, Yes, Yes, , Street, Yes, Yes, Yes, Casual, , Average, No, No, No, No, No, Yes, [u'Pakistani', u'pakistani'], [u'Indian', u'indpak'], ,,,,,,,,,,,,,,,,,,,,,,,,,,,,,,,,,,,,,,
makkah-halal-tandoori-los-angeles, Makkah Halal Tandoori, True,2133839976,132,3.5, Los Angeles, CA,90020, $11-30, No, Yes, Yes, Yes, Dinner, Private Lot, Yes, Yes, Yes, Casual, , Quiet, No, No, No, Yes, Yes, Yes, [u'Indian', u'indpak'], [u'Pakistani', u'pakistani'], ,,,,,,,,,,,,,,,,,,,,,,,,,,,,,,,,,,,,,,
biriyani-kabob-house-los-angeles, Biriyani Kabob House, True,2133843570,234,4.5, Los Angeles, CA,90020, Under $10, Yes, Yes, Yes, Yes, Dessert, Private Lot, Yes, Yes, Yes, Casual, Casual, Average, No, Yes, Free, Yes, Yes, Yes, [u'Bangladeshi', u'bangladeshi'], [u'Halal', u'halal'], [u'Indian', u'indpak'], ID,Name,Claimed?,Phone,Count,Rating,City,State,Zip-code,Price,Reservations,Delivery,Take-out,Credit cards,Good for,Parking,Bike,Kids,Groups,Attire,Ambience,Noise,Alcohol,Outdoor,WiFi,TV,Waiter,Caters,Tag 1,Tag 2,Tag 3,Tag 4,Tag 5,Tag 6,Tag 7,Tag 8,Tag 9
,,,,,,,,,,,,,,,,,,,,,,,,,,,,,,,,,,,,,,,,,,,,,,,,,,,,,,,,,,,,,,,,,,,,,,
dragon-loco-los-angeles, Dragon Loco, False,3235654060,21,3.5, Los Angeles, CA,90044, Under $10, No, No, Yes, Yes, Lunch+ Dinner, Private Lot, Yes, Yes, No, Casual, , Quiet, No, No, No, No, No, Yes, [u'Chinese', u'chinese'], [u'Asian Fusion', u'asianfusion'], ,,,,,,,,,,,,,,,,,,,,,,,,,,,,,,,,,,,,,,
hong-kong-express-los-angeles-23, Hong Kong Express, False,3235887001,3,4, Los Angeles, CA,90001, Under $10, No, No, Yes, Yes, , , Yes, Yes, Yes, Casual, , Average, No, No, No, No, No, Yes, [u'Chinese', u'chinese'], ID,Name,Claimed?,Phone,Count,Rating,City,State,Zip-code,Price,Reservations,Delivery,Take-out,Credit cards,Good for,Parking,Bike,Kids,Groups,Attire,Ambience,Noise,Alcohol,Outdoor,WiFi,TV,Waiter,Caters,Tag 1,Tag 2,Tag 3,Tag 4,Tag 5,Tag 6,Tag 7,Tag 8,Tag 9,,,,
,,,,,,,,,,,,,,,,,,,,,,,,,,,,,,,,,,,,,,,,,,,,,,,,,,,,,,,,,,,,,,,,,,,,,,
aladin-sweets-and-market-los-angeles, Aladin Sweets & Market, True,2133829592,118,3.5, Los Angeles, CA,90004, Under $10, , No, Yes, Yes, Lunch, Street+ Private Lot, Yes, Yes, Yes, Casual, Divey, Average, No, No, Free, Yes, No, Yes, [u'Grocery', u'grocery'], [u'Indian', u'indpak'], [u'Halal', u'halal'], ID,Name,Claimed?,Phone,Count,Rating,City,State,Zip-code,Price,Reservations,Delivery,Take-out,Credit cards,Good for,Parking,Bike,Kids,Groups,Attire,Ambience,Noise,Alcohol,Outdoor,WiFi,TV,Waiter,Caters,Tag 1,Tag 2,Tag 3,Tag 4,Tag 5,Tag 6,Tag 7,Tag 8,Tag 9
,,,,,,,,,,,,,,,,,,,,,,,,,,,,,,,,,,,,,,,,,,,,,,,,,,,,,,,,,,,,,,,,,,,,,,
panda-express-huntington-park, Panda Express, False,3232779486,32,2.5, Huntington Park, CA,90255, Under $10, No, No, Yes, Yes, Lunch, Private Lot, Yes, Yes, Yes, Casual, Casual, Average, No, Yes, No, No, No, Yes, [u'Chinese', u'chinese'], [u'Fast Food', u'hotdogs'], ,,,,,,,,,,,,,,,,,,,,,,,,,,,,,,,,,,,,,,
ariya-thai-kitchen-huntington-park, Ariya Thai Kitchen, True,3235891245,59,4.5, Huntington Park, CA,90255, , , , , , , , , , , , , , , , , , , , [u'Thai', u'thai'], ID,Name,Claimed?,Phone,Count,Rating,City,State,Zip-code,Price,Reservations,Delivery,Take-out,Credit cards,Good for,Parking,Bike,Kids,Groups,Attire,Ambience,Noise,Alcohol,Outdoor,WiFi,TV,Waiter,Caters,Tag 1,Tag 2,Tag 3,Tag 4,Tag 5,Tag 6,Tag 7,Tag 8,Tag 9,,,,
,,,,,,,,,,,,,,,,,,,,,,,,,,,,,,,,,,,,,,,,,,,,,,,,,,,,,,,,,,,,,,,,,,,,,,
corner-kitchen-huntington-park, Corner Kitchen, False,3235881182,16,4.5, Huntington Park, CA,90255, Under $10, No, No, Yes, Yes, Brunch+ Dessert, Street, Yes, Yes, Yes, Casual, Casual, Average, No, No, No, No, No, Yes, [u'Coffee & Tea', u'coffee'], [u'Chinese', u'chinese'], [u'Ice Cream & Frozen Yogurt', u'icecream'], ,,,,,,,,,,,,,,,,,,,,,,,,,,,,,,,,,,,,
perfect-1-dollar-chinese-food-los-angeles, Perfect 1 Dollar Chinese Food, True,3238460774,1,1, Los Angeles, CA,90058, , , No, , No, , , , Yes, Yes, , , , , , , , , , [u'Chinese', u'chinese'], ,,,,,,,,,,,,,,,,,,,,,,,,,,,,,,,,,,,,,,,,
tasty-thai-huntington-park, Tasty Thai, False,3235827770,41,4, Huntington Park, CA,90255, Under $10, No, Yes, Yes, Yes, Lunch, Street+ Private Lot, Yes, Yes, Yes, Casual, Casual, Average, No, No, No, Yes, Yes, Yes, [u'Thai', u'thai'], ,,,,,,,,,,,,,,,,,,,,,,,,,,,,,,,,,,,,,,,,
china-bowl-los-angeles-2, China Bowl, False,3232993288,22,4, Los Angeles, CA,90047, Under $10, No, No, Yes, No, Lunch, , No, Yes, Yes, Casual, Casual, Loud, No, No, No, No, No, Yes, [u'Chinese', u'chinese'], ,,,,,,,,,,,,,,,,,,,,,,,,,,,,,,,,,,,,,,,,
jade-siam-restaurants-huntington-park, Jade Siam Restaurants, False,3235898391,164,4, Huntington Park, CA,90255, Under $10, No, Yes, Yes, Yes, Lunch, Private Lot, Yes, Yes, Yes, Casual, Casual, Average, No, No, No, Yes, Yes, Yes, [u'Thai', u'thai'], ,,,,,,,,,,,,,,,,,,,,,,,,,,,,,,,,,,,,,,,,
thai-corner-food-express-los-angeles, Thai Corner Food Express, True,2137488006,129,3, Los Angeles, CA,90007, , , , , , , , , , , , , , , , , , , , [u'Thai', u'thai'], ,,,,,,,,,,,,,,,,,,,,,,,,,,,,,,,,,,,,,,,,
dragon-loco-south-gate, Dragon Loco, False,3235670888,35,4.5, South Gate, CA,90280, , , , , , , , , , , , , , , , , , , , [u'Chinese', u'chinese'], ID,Name,Claimed?,Phone,Count,Rating,City,State,Zip-code,Price,Reservations,Delivery,Take-out,Credit cards,Good for,Parking,Bike,Kids,Groups,Attire,Ambience,Noise,Alcohol,Outdoor,WiFi,TV,Waiter,Caters,Tag 1,Tag 2,Tag 3,Tag 4,Tag 5,Tag 6,Tag 7,Tag 8,Tag 9,,,,
,,,,,,,,,,,,,,,,,,,,,,,,,,,,,,,,,,,,,,,,,,,,,,,,,,,,,,,,,,,,,,,,,,,,,,
el-tapatio-los-angeles-3, El Tapatio, False,3237511452,5,3, Los Angeles, CA,90003, Under $10, No, No, Yes, Yes, , , Yes, Yes, Yes, Casual, , Average, Full Bar, Yes, No, Yes, No, No, [u'Mexican', u'mexican'], [u'Grocery', u'grocery'], ,,,,,,,,,,,,,,,,,,,,,,,,,,,,,,,,,,,,,,
tacos-arandas-los-angeles, Tacos Arandas, False, ,12,5, Los Angeles, CA,90003, Under $10, No, No, Yes, No, Late Night, Private Lot, Yes, Yes, Yes, Casual, , Average, No, Yes, No, No, Yes, No, [u'Mexican', u'mexican'], [u'Food Stands', u'foodstands'], ,,,,,,,,,,,,,,,,,,,,,,,,,,,,,,,,,,,,,,
el-compadre-restaurant-los-angeles-2, El Compadre Restaurant, False,3237517148,4,3, Los Angeles, CA,90003, , , , , , , , , , , , , , , , , , , , [u'Mexican', u'mexican'], ,,,,,,,,,,,,,,,,,,,,,,,,,,,,,,,,,,,,,,,,
ramonas-mexican-food-products-los-angeles, Ramona's Mexican Food Products, False,3237524191,38,3.5, Los Angeles, CA,90003, Under $10, No, No, Yes, Yes, Lunch, Private Lot, No, Yes, No, Casual, Casual, Average, No, No, No, No, No, No, [u'Mexican', u'mexican'], [u'Ethnic Food', u'ethnicmarkets'], ,,,,,,,,,,,,,,,,,,,,,,,,,,,,,,,,,,,,,,
el-mexicano-market-los-angeles, El Mexicano Market, False,3237531312,4,3.5, Los Angeles, CA,90003, Under $10, No, No, Yes, Yes, , , , Yes, No, Casual, , Average, , No, No, No, Yes, , [u'Grocery', u'grocery'], [u'Mexican', u'mexican'], ,,,,,,,,,,,,,,,,,,,,,,,,,,,,,,,,,,,,,,
las-islas-marias-los-angeles, Las Islas Marias, False,3237537367,32,3.5, Los Angeles, CA,90003, $11-30, No, No, Yes, Yes, Lunch, Private Lot, Yes, Yes, Yes, Casual, , Very Loud, Beer & Wine Only, Yes, No, Yes, Yes, No, [u'Seafood', u'seafood'], [u'Mexican', u'mexican'], ,,,,,,,,,,,,,,,,,,,,,,,,,,,,,,,,,,,,,,
carrillos-restaurant-los-angeles, Carrillos Restaurant, False,3237595216,3,5, Los Angeles, CA,90003, , , , , , , , , , , , , , , , , , , , [u'Mexican', u'mexican'], ,,,,,,,,,,,,,,,,,,,,,,,,,,,,,,,,,,,,,,,,
taqueria-tijuana-los-angeles, Taqueria Tijuana, False,3237501719,25,4.5, Los Angeles, CA,90003, Under $10, No, No, Yes, No, Brunch, Street, No, Yes, Yes, Casual, Casual, Quiet, Beer & Wine Only, Yes, No, No, Yes, Yes, [u'Mexican', u'mexican'], ,,,,,,,,,,,,,,,,,,,,,,,,,,,,,,,,,,,,,,,,
arturos-tacos-los-angeles, Arturo's Tacos, False,3237514302,8,3, Los Angeles, CA,90003, Under $10, No, Yes, Yes, Yes, Lunch, , , Yes, Yes, Casual, , Average, No, Yes, Paid, Yes, No, Yes, [u'Mexican', u'mexican'], ,,,,,,,,,,,,,,,,,,,,,,,,,,,,,,,,,,,,,,,,
el-cihualteco-taqueria-los-angeles, El Cihualteco Taqueria, False,3237599539,1,4, Los Angeles, CA,90189, , , , , , , , , , , , , , , , , , , , [u'Mexican', u'mexican'], ,,,,,,,,,,,,,,,,,,,,,,,,,,,,,,,,,,,,,,,,
los-cocos-los-angeles-2, Los Cocos, False,3237500211,3,3.5, Los Angeles, CA,90001, Under $10, No, No, Yes, No, Lunch, , No, Yes, Yes, Casual, , Loud, , Yes, No, Yes, Yes, , [u'Mexican', u'mexican'], ,,,,,,,,,,,,,,,,,,,,,,,,,,,,,,,,,,,,,,,,
tacos-el-gavilan-the-original-taco-truck-los-angeles-2, Tacos El Gavilan The Original Taco Truck, True,3239713586,15,4.5, Los Angeles, CA,90003, Under $10, No, No, Yes, No, , Private Lot, Yes, Yes, Yes, Casual, , , No, No, No, No, No, , [u'Mexican', u'mexican'], [u'Street Vendors', u'streetvendors'], ,,,,,,,,,,,,,,,,,,,,,,,,,,,,,,,,,,,,,,
los-cunados-restaurant-los-angeles, Los Cunados Restaurant, False,3237536174,16,3, Los Angeles, CA,90003, $11-30, No, No, Yes, Yes, , Private Lot, No, Yes, No, Casual, , Average, No, No, No, Yes, No, No, [u'Mexican', u'mexican'], ,,,,,,,,,,,,,,,,,,,,,,,,,,,,,,,,,,,,,,,,
broadway-tacos-los-angeles, Broadway Tacos, False,3238987656,1,5, Los Angeles, CA,90003, , Yes, Yes, Yes, Yes, , , , Yes, , , , , , , , , , , [u'Mexican', u'mexican'], ,,,,,,,,,,,,,,,,,,,,,,,,,,,,,,,,,,,,,,,,
tacos-el-rayo-2-los-angeles, Tacos El Rayo 2, False,3237594930,2,4.5, Los Angeles, CA,90003, Under $10, No, No, Yes, No, , , , Yes, No, Casual, , , , , , , , , [u'Mexican', u'mexican'], ,,,,,,,,,,,,,,,,,,,,,,,,,,,,,,,,,,,,,,,,
santa-lucia-ilopango-restaurante-salvadorean-and-mexican-los-angeles, Santa Lucia Ilopango Restaurante Salvadorean And Mexican, False,3238341333,1,5, Los Angeles, CA,90003, , , , , , , , , , , , , , , , , , , , [u'Mexican', u'mexican'], ,,,,,,,,,,,,,,,,,,,,,,,,,,,,,,,,,,,,,,,,
tacos-el-gavilan-taco-truck-los-angeles-2, Tacos El Gavilan Taco Truck, False,3237524792,5,4.5, Los Angeles, CA,90003, Under $10, No, No, Yes, No, , , , Yes, Yes, Casual, , , No, Yes, , Yes, No, , [u'Mexican', u'mexican'], ,,,,,,,,,,,,,,,,,,,,,,,,,,,,,,,,,,,,,,,,
mi-lindo-nayarit-mariscos-los-angeles, Mi Lindo Nayarit Mariscos, True,3235895109,66,3, Los Angeles, CA,90001, , , , , , , , , , , , , , , , , , , , [u'Mexican', u'mexican'], [u'Seafood', u'seafood'], ,,,,,,,,,,,,,,,,,,,,,,,,,,,,,,,,,,,,,,
taqueria-sinelly-los-angeles, Taqueria Sinelly, False, ,1,5, Los Angeles, CA,90003, Under $10, No, No, Yes, No, , , , Yes, Yes, Casual, , Quiet, No, Yes, No, Yes, No, Yes, [u'Street Vendors', u'streetvendors'], [u'Mexican', u'mexican'], ,,,,,,,,,,,,,,,,,,,,,,,,,,,,,,,,,,,,,,
tacos-michoacan-florence-graham, Tacos Michoacan, False, ,3,1.5, Florence-Graham, CA,90052, Under $10, No, No, Yes, No, , , No, Yes, Yes, Casual, , Average, No, Yes, No, Yes, No, , [u'Street Vendors', u'streetvendors'], [u'Mexican', u'mexican'], ID,Name,Claimed?,Phone,Count,Rating,City,State,Zip-code,Price,Reservations,Delivery,Take-out,Credit cards,Good for,Parking,Bike,Kids,Groups,Attire,Ambience,Noise,Alcohol,Outdoor,WiFi,TV,Waiter,Caters,Tag 1,Tag 2,Tag 3,Tag 4,Tag 5,Tag 6,Tag 7,Tag 8,Tag 9,,
,,,,,,,,,,,,,,,,,,,,,,,,,,,,,,,,,,,,,,,,,,,,,,,,,,,,,,,,,,,,,,,,,,,,,,
paleteria-la-princessa-los-angeles, Paleteria La Princessa, False,3234222233,1,4, Los Angeles, CA,90001, Inexpensive, , , , No, , , No, , , , , , , , No, , , , [u'Ice Cream & Frozen Yogurt', u'icecream'], ,,,,,,,,,,,,,,,,,,,,,,,,,,,,,,,,,,,,,,,,
isabella-sweets-los-angeles, Isabella Sweets, False,3237524282,2,5, Los Angeles, CA,90044, Inexpensive, , , , No, , Street, No, , , , , , , , No, , , , [u'Juice Bars & Smoothies', u'juicebars'], [u'Ice Cream & Frozen Yogurt', u'icecream'], [u'Shaved Ice', u'shavedice'], ,,,,,,,,,,,,,,,,,,,,,,,,,,,,,,,,,,,,
zonehealthy-los-angeles-2, ZoneHealthy, True,8885229663,29,4, Los Angeles, CA,91403, , , , , , , , , , , , , , , , , , , , [u'Food Delivery Services', u'fooddeliveryservices'], ,,,,,,,,,,,,,,,,,,,,,,,,,,,,,,,,,,,,,,,,
yogurtland-los-angeles-29, Yogurtland, True,3233257044,9,3.5, Los Angeles, CA,90001, Inexpensive, , , , Yes, , Garage, Yes, , , , , , , , No, , , , [u'Ice Cream & Frozen Yogurt', u'icecream'], ,,,,,,,,,,,,,,,,,,,,,,,,,,,,,,,,,,,,,,,,
lb-cool-treats-los-angeles, LB Cool Treats, False,3234222232,1,5, Los Angeles, CA,90001, Moderate, , , , Yes, , , , , , , , , , , No, , , , [u'Ice Cream & Frozen Yogurt', u'icecream'], ,,,,,,,,,,,,,,,,,,,,,,,,,,,,,,,,,,,,,,,,
marthas-cakes-los-angeles, Martha's Cakes, False,3233085434,2,5, Los Angeles, CA,90044, Moderate, , , , No, , , , , , , , , , , , , , , [u'Cupcakes', u'cupcakes'], [u'Desserts', u'desserts'], [u'Bakeries', u'bakeries'], ,,,,,,,,,,,,,,,,,,,,,,,,,,,,,,,,,,,,
menchies-frozen-yogurt-los-angeles-5, Menchie's Frozen Yogurt, False,3232779247,11,4.5, Los Angeles, CA,90001, Inexpensive, , , , Yes, , Garage, Yes, , , , , , , , Free, , , , [u'Ice Cream & Frozen Yogurt', u'icecream'], ,,,,,,,,,,,,,,,,,,,,,,,,,,,,,,,,,,,,,,,,
jayloves-sweets-los-angeles, JayLove's Sweets, True,6264172968,7,5, Los Angeles, CA,90001, Moderate, , , , No, , , No, , , , , , , , , , , , [u'Desserts', u'desserts'], [u'Caterers', u'catering'], ,,,,,,,,,,,,,,,,,,,,,,,,,,,,,,,,,,,,,,
el-paraiso-no-2-los-angeles, El Paraiso No 2, False,3235872073,17,4.5, Los Angeles, CA,90001, Inexpensive, , , , No, , Street, Yes, , , , , , , , No, , , , [u'Ice Cream & Frozen Yogurt', u'icecream'], ,,,,,,,,,,,,,,,,,,,,,,,,,,,,,,,,,,,,,,,,
neveria-y-algo-mas-los-angeles, Neveria Y Algo Mas, False,3235848784,1,5, Los Angeles, CA,90001, Moderate, , , , No, , , Yes, , , , , , , , No, , , , [u'Ice Cream & Frozen Yogurt', u'icecream'], ,,,,,,,,,,,,,,,,,,,,,,,,,,,,,,,,,,,,,,,,
salaam-west-bakery-restaurant-los-angeles, Salaam West Bakery Restaurant, False,3237508000,2,4, Los Angeles, CA,90044, , , , Yes, , , , , , , Casual, , Quiet, No, , , , , , [u'Restaurants', u'restaurants'], ,,,,,,,,,,,,,,,,,,,,,,,,,,,,,,,,,,,,,,,,
avalon-ice-cream-and-candy-los-angeles, Avalon Ice Cream & Candy, False,3237576062,1,5, Los Angeles, CA,90003, Moderate, , , , Yes, , , , , , , , , , , No, , , , [u'Ice Cream & Frozen Yogurt', u'icecream'], ,,,,,,,,,,,,,,,,,,,,,,,,,,,,,,,,,,,,,,,,
cold-stone-creamery-walnut-park, Cold Stone Creamery, True,3235858796,22,3, Walnut Park, CA,90255, , , , , , , , , , , , , , , , , , , , [u'Ice Cream & Frozen Yogurt', u'icecream'], ,,,,,,,,,,,,,,,,,,,,,,,,,,,,,,,,,,,,,,,,
sammy-goodies-donuts-and-ice-cream-los-angeles, Sammy Goodie's Donuts & Ice Cream, False,3232310500,7,3.5, Los Angeles, CA,90011, Inexpensive, , , , No, , , No, , , , , , , No, No, , , , [u'Donuts', u'donuts'], [u'Coffee & Tea', u'coffee'], [u'Ice Cream & Frozen Yogurt', u'icecream'], ,,,,,,,,,,,,,,,,,,,,,,,,,,,,,,,,,,,,
jeans-ice-cream-los-angeles, Jean's Ice Cream, False,3237506855,14,4, Los Angeles, CA,90044, Inexpensive, , , , No, , Street, No, , , , , , , , No, , , , [u'Ice Cream & Frozen Yogurt', u'icecream'], ,,,,,,,,,,,,,,,,,,,,,,,,,,,,,,,,,,,,,,,,
the-sweet-life-los-angeles, The Sweet Life, True,3234002626,14,4, Los Angeles, CA,90037, Inexpensive, , , , Yes, , , No, , , , , , , , , , , , [u'Desserts', u'desserts'], [u'Cupcakes', u'cupcakes'], ,,,,,,,,,,,,,,,,,,,,,,,,,,,,,,,,,,,,,,
cascada-refrescante-los-angeles, Cascada Refrescante, True,3232334616,42,4.5, Los Angeles, CA,90011, Inexpensive, , , , Yes, , Private Lot, Yes, , , , , , , , No, , , , [u'Juice Bars & Smoothies', u'juicebars'], [u'Ice Cream & Frozen Yogurt', u'icecream'], ,,,,,,,,,,,,,,,,,,,,,,,,,,,,,,,,,,,,,,
shereeses-sweets-los-angeles, Shereese's Sweets, True,5624816085,1,5, Los Angeles, CA,90002, , , , , , , , , , , , , , , , , , , , [u'Desserts', u'desserts'], ,,,,,,,,,,,,,,,,,,,,,,,,,,,,,,,,,,,,,,,,
mdears-bakery-and-bistro-los-angeles, M'Dear's Bakery & Bistro, True,3237592020,76,4, Los Angeles, CA,90047, $11-30, No, No, Yes, Yes, Brunch, Street, Yes, Yes, Yes, Casual, Casual, Average, No, No, No, No, Yes, Yes, [u'Soul Food', u'soulfood'], [u'Bakeries', u'bakeries'], [u'Desserts', u'desserts'], ,,,,,,,,,,,,,,,,,,,,,,,,,,,,,,,,,,,,
heavenly-scoops-ice-cream-and-deli-los-angeles, Heavenly Scoops Ice Cream & Deli, False,3233051465,4,5, Los Angeles, CA,90047, Inexpensive, , , , No, , Street, Yes, , , , , , , , No, , , , [u'Ice Cream & Frozen Yogurt', u'icecream'], ID,Name,Claimed?,Phone,Count,Rating,City,State,Zip-code,Price,Reservations,Delivery,Take-out,Credit cards,Good for,Parking,Bike,Kids,Groups,Attire,Ambience,Noise,Alcohol,Outdoor,WiFi,TV,Waiter,Caters,Tag 1,Tag 2,Tag 3,Tag 4,Tag 5,Tag 6,Tag 7,Tag 8,Tag 9,,,,
,,,,,,,,,,,,,,,,,,,,,,,,,,,,,,,,,,,,,,,,,,,,,,,,,,,,,,,,,,,,,,,,,,,,,,
casa-noodle-teriyaki-los-angeles-2, Casa Noodle Teriyaki, False,3232328200,19,4.5, Los Angeles, CA,90003, , , , , , , , , , , , , , , , , , , , [u'Japanese', u'japanese'], ,,,,,,,,,,,,,,,,,,,,,,,,,,,,,,,,,,,,,,,,
yoshinoya-los-angeles-28, Yoshinoya, False, ,1,1, Los Angeles, CA,90058, Under $10, , , Yes, Yes, , , , Yes, Yes, Casual, , , , , , , , , [u'Japanese', u'japanese'], [u'Fast Food', u'hotdogs'], [u'Asian Fusion', u'asianfusion'], ,,,,,,,,,,,,,,,,,,,,,,,,,,,,,,,,,,,,
terihouse-huntington-park, Terihouse, False,3235877703,3,4.5, Huntington Park, CA,90255, , , , , Yes, , , , , , , , , , , , , , , [u'Japanese', u'japanese'], [u'American (Traditional)', u'tradamerican'], [u'Asian Fusion', u'asianfusion'], ,,,,,,,,,,,,,,,,,,,,,,,,,,,,,,,,,,,,
hola-pollo-huntington-park, Hola pollo, False,3235879425,4,4, Huntington Park, CA,90255, , , , , , , , , , , , , , , , , , , , [u'Japanese', u'japanese'], [u'Mexican', u'mexican'], [u'Fast Food', u'hotdogs'], ,,,,,,,,,,,,,,,,,,,,,,,,,,,,,,,,,,,,
tokyo-teriyaki-huntington-park, Tokyo Teriyaki, True,3235873577,9,3, Huntington Park, CA,90255, Under $10, No, Yes, Yes, Yes, Lunch, Private Lot, Yes, Yes, Yes, Casual, , Quiet, No, No, No, Yes, No, Yes, [u'Japanese', u'japanese'], ,,,,,,,,,,,,,,,,,,,,,,,,,,,,,,,,,,,,,,,,
yoshinoya-restaurants-huntington-park, Yoshinoya Restaurants, False,3235838025,7,4, Huntington Park, CA,90255, Under $10, No, No, Yes, Yes, , , , Yes, Yes, Casual, , Average, No, No, No, No, No, , [u'Japanese', u'japanese'], ,,,,,,,,,,,,,,,,,,,,,,,,,,,,,,,,,,,,,,,,
tokyo-beef-bowl-huntington-park, Tokyo Beef Bowl, False,3235829507,4,4, Huntington Park, CA,90255, , , , , , , , , , , , , , , , , , , , [u'Japanese', u'japanese'], ,,,,,,,,,,,,,,,,,,,,,,,,,,,,,,,,,,,,,,,,
yoshinoya-west-los-angeles-11, Yoshinoya West, False,3232314378,8,2.5, Los Angeles, CA,90037, $11-30, No, No, Yes, Yes, , , Yes, Yes, Yes, Casual, , Average, , No, No, , , No, [u'Japanese', u'japanese'], ,,,,,,,,,,,,,,,,,,,,,,,,,,,,,,,,,,,,,,,,
sushilitos-south-gate-2, Sushilito's, False,3235387468,83,4, South Gate, CA,90280, , , , , , , , , , , , , , , , , , , , [u'Japanese', u'japanese'], [u'Mexican', u'mexican'], ,,,,,,,,,,,,,,,,,,,,,,,,,,,,,,,,,,,,,,
number-1-teriyaki-los-angeles, Number 1 Teriyaki, False,3232331871,1,5, Los Angeles, CA,90003, Under $10, No, , Yes, No, Lunch, , Yes, Yes, Yes, Casual, , Average, , No, No, Yes, Yes, , [u'Korean', u'korean'], [u'Japanese', u'japanese'], ,,,,,,,,,,,,,,,,,,,,,,,,,,,,,,,,,,,,,,
the-cup-los-angeles-4, The Cup, True,2137441233,27,4.5, Los Angeles, CA,90007, Under $10, No, No, Yes, Yes, Brunch, Street+ Private Lot, Yes, Yes, Yes, Casual, Casual, Average, No, Yes, Free, No, No, Yes, [u'Italian', u'italian'], [u'Korean', u'korean'], [u'Japanese', u'japanese'], ,,,,,,,,,,,,,,,,,,,,,,,,,,,,,,,,,,,,
lotus-los-angeles-3, Lotus, True,2134780090,358,4, Los Angeles, CA,90007, , , , , , , , , , , , , , , , , , , , [u'Hookah Bars', u'hookah_bars'], [u'Sushi Bars', u'sushi'], [u'Asian Fusion', u'asianfusion'], ,,,,,,,,,,,,,,,,,,,,,,,,,,,,,,,,,,,,
california-gogi-korean-grill-los-angeles, California Gogi Korean Grill, False,2137441910,190,4.5, Los Angeles, CA,90007, Under $10, No, No, Yes, Yes, Lunch, Street, Yes, Yes, No, Casual, Casual, Average, No, Yes, No, No, No, No, [u'Korean', u'korean'], [u'Asian Fusion', u'asianfusion'], ,,,,,,,,,,,,,,,,,,,,,,,,,,,,,,,,,,,,,,
enzo-vernon, Enzo, False,3235818768,27,3, Vernon, CA,90058, $11-30, No, Yes, Yes, Yes, Brunch, Private Lot, No, Yes, Yes, Casual, Trendy, Average, No, No, No, Yes, No, Yes, [u'Japanese', u'japanese'], [u'Burgers', u'burgers'], [u'Seafood', u'seafood'], ID,Name,Claimed?,Phone,Count,Rating,City,State,Zip-code,Price,Reservations,Delivery,Take-out,Credit cards,Good for,Parking,Bike,Kids,Groups,Attire,Ambience,Noise,Alcohol,Outdoor,WiFi,TV,Waiter,Caters,Tag 1,Tag 2,Tag 3,Tag 4,Tag 5,Tag 6,Tag 7,Tag 8,Tag 9
,,,,,,,,,,,,,,,,,,,,,,,,,,,,,,,,,,,,,,,,,,,,,,,,,,,,,,,,,,,,,,,,,,,,,,
trojan-market-los-angeles, Trojan Market, False,3235851457,1,1, Los Angeles, CA,90001, Moderate, , , , Yes, , , , , , , , , , , , , , , [u'Grocery', u'grocery'], ,,,,,,,,,,,,,,,,,,,,,,,,,,,,,,,,,,,,,,,,
ono-hawaiian-bbq-walnut-park, Ono Hawaiian BBQ, True,3235812888,15,3.5, Walnut Park, CA,90255, Under $10, No, No, Yes, Yes, Lunch, , Yes, Yes, Yes, Casual, , Average, No, Yes, No, No, , Yes, [u'Hawaiian', u'hawaiian'], [u'Specialty Food', u'gourmet'], ,,,,,,,,,,,,,,,,,,,,,,,,,,,,,,,,,,,,,,
lets-roll-it-huntington-park-3, Lets Roll It, False,3235877703,17,4.5, Huntington Park, CA,90255, Under $10, No, No, Yes, Yes, Brunch, , No, Yes, Yes, Casual, , Average, No, No, No, Yes, No, Yes, [u'Asian Fusion', u'asianfusion'], ,,,,,,,,,,,,,,,,,,,,,,,,,,,,,,,,,,,,,,,,
ds-original-take-out-grill-los-angeles-2, D's Original Take Out Grill, True,3239713663,109,4, Los Angeles, CA,90047, , , , , , , , , , , , , , , , , , , , [u'Barbeque', u'bbq'], [u'Soul Food', u'soulfood'], ,,,,,,,,,,,,,,,,,,,,,,,,,,,,,,,,,,,,,,
cafeteria-america-huntington-park, Cafeteria America, False,3235824710,14,4.5, Huntington Park, CA,90255, Under $10, No, No, Yes, No, Lunch, Street, Yes, Yes, Yes, Casual, Casual, Average, No, No, No, No, No, No, [u'Restaurants', u'restaurants'], ,,,,,,,,,,,,,,,,,,,,,,,,,,,,,,,,,,,,,,,,
kims-fish-market-los-angeles, Kim's Fish Market, False,3237563315,20,4.5, Los Angeles, CA,90061, , , , , , , , , , , , , , , , , , , , [u'Seafood Markets', u'seafoodmarkets'], ,,,,,,,,,,,,,,,,,,,,,,,,,,,,,,,,,,,,,,,,
randy-donuts-huntington-park, Randy Donuts, False,3235855568,2,3.5, Huntington Park, CA,90255, , , , , , , , , , , , , , , , , , , , [u'Donuts', u'donuts'], ,,,,,,,,,,,,,,,,,,,,,,,,,,,,,,,,,,,,,,,,
great-fusion-bbq-grill-huntington-park-2, Great Fusion BBQ Grill, False,3235891588,6,4.5, Huntington Park, CA,90255, $11-30, No, No, Yes, Yes, , , No, Yes, Yes, Casual, , , , No, , Yes, , , [u'Barbeque', u'bbq'], [u'American (Traditional)', u'tradamerican'], ,,,,,,,,,,,,,,,,,,,,,,,,,,,,,,,,,,,,,,
bobana-huntington-park, Bobana, True,3235848997,52,4.5, Huntington Park, CA,90255, Inexpensive, , , , Yes, , Private Lot, Yes, , , , , , , No, Free, , , , [u'Juice Bars & Smoothies', u'juicebars'], [u'Bubble Tea', u'bubbletea'], [u'Coffee & Tea', u'coffee'], ,,,,,,,,,,,,,,,,,,,,,,,,,,,,,,,,,,,,
el-arca-bakery-and-restaurant-los-angeles, El Arca Bakery & Restaurant, True,3232903989,10,3.5, Los Angeles, CA,90062, $11-30, Yes, Yes, Yes, Yes, , , No, Yes, Yes, Casual, , , No, No, , Yes, Yes, Yes, [u'Bakeries', u'bakeries'], [u'American (New)', u'newamerican'], ,,,,,,,,,,,,,,,,,,,,,,,,,,,,,,,,,,,,,,
wang-globalnet-vernon, Wang Globalnet, False,2136225111,2,3, Vernon, CA,90058, , , , , , , , , , , , , , , , , , , , [u'Ethnic Food', u'ethnicmarkets'], ,,,,,,,,,,,,,,,,,,,,,,,,,,,,,,,,,,,,,,,,
gochew-grill-los-angeles, Gochew Grill, True,3025884839,17,5, Los Angeles, CA,90007, Under $10, No, Yes, Yes, Yes, , , No, Yes, Yes, Casual, , Average, No, Yes, No, Yes, Yes, No, [u'Korean', u'korean'], ,,,,,,,,,,,,,,,,,,,,,,,,,,,,,,,,,,,,,,,,
world-variety-produce-melissas-produce-los-angeles, World Variety Produce | Melissa's Produce, True,8005880151,4,4, Los Angeles, CA,90058, Pricey, , , , Yes, , Private Lot, No, , , , , , , , , , , , [u'Fruits & Veggies', u'markets'], ,,,,,,,,,,,,,,,,,,,,,,,,,,,,,,,,,,,,,,,,
rae-g-cafe-vernon, Rae G Cafe, False,3235855551,63,4, Vernon, CA,90058, , , , , , , , , , , , , , , , , , , , [u'Coffee & Tea', u'coffee'], [u'Breakfast & Brunch', u'breakfast_brunch'], [u'Sandwiches', u'sandwiches'], ID,Name,Claimed?,Phone,Count,Rating,City,State,Zip-code,Price,Reservations,Delivery,Take-out,Credit cards,Good for,Parking,Bike,Kids,Groups,Attire,Ambience,Noise,Alcohol,Outdoor,WiFi,TV,Waiter,Caters,Tag 1,Tag 2,Tag 3,Tag 4,Tag 5,Tag 6,Tag 7,Tag 8,Tag 9
,,,,,,,,,,,,,,,,,,,,,,,,,,,,,,,,,,,,,,,,,,,,,,,,,,,,,,,,,,,,,,,,,,,,,,
pizzamania-los-angeles, Pizzamania, True,3237783081,18,4, Los Angeles, CA,90003, Under $10, No, Yes, Yes, Yes, , , Yes, Yes, Yes, Casual, Casual, Average, No, Yes, , Yes, No, Yes, [u'Pizza', u'pizza'], ,,,,,,,,,,,,,,,,,,,,,,,,,,,,,,,,,,,,,,,,
subway-los-angeles-175, Subway, True,3234510129,3,5, Los Angeles, CA,90003, , , , , , , , , , , , , , , , , , , , [u'Sandwiches', u'sandwiches'], [u'Fast Food', u'hotdogs'], ,,,,,,,,,,,,,,,,,,,,,,,,,,,,,,,,,,,,,,
subway-los-angeles-154, Subway, True,3234510134,6,3.5, Los Angeles, CA,90003, , , , , , , , , , , , , , , , , , , , [u'Sandwiches', u'sandwiches'], [u'Fast Food', u'hotdogs'], ,,,,,,,,,,,,,,,,,,,,,,,,,,,,,,,,,,,,,,
pizza-hut-los-angeles-21, Pizza Hut, True,3237538800,9,1.5, Los Angeles, CA,90003, $11-30, No, Yes, Yes, Yes, , , , Yes, Yes, Casual, , Very Loud, No, No, Free, , No, Yes, [u'Pizza', u'pizza'], [u'Italian', u'italian'], [u'Chicken Wings', u'chicken_wings'], ,,,,,,,,,,,,,,,,,,,,,,,,,,,,,,,,,,,,
pizza-hut-los-angeles-4, Pizza Hut, True,3235829200,4,1, Los Angeles, CA,90001, Under $10, No, Yes, Yes, Yes, , , Yes, No, Yes, Casual, , Loud, No, No, No, Yes, No, No, [u'Pizza', u'pizza'], [u'Italian', u'italian'], [u'Chicken Wings', u'chicken_wings'], ,,,,,,,,,,,,,,,,,,,,,,,,,,,,,,,,,,,,
subway-los-angeles-115, Subway, False,3234150122,2,4, Los Angeles, CA,90003, , No, No, No, , , , , Yes, Yes, Casual, , , No, , , , , , [u'Sandwiches', u'sandwiches'], [u'Fast Food', u'hotdogs'], ,,,,,,,,,,,,,,,,,,,,,,,,,,,,,,,,,,,,,,
subway-los-angeles-117, Subway, True,3235815800,4,3.5, Los Angeles, CA,90001, Under $10, No, No, Yes, Yes, , , Yes, Yes, Yes, Casual, , , No, No, No, No, No, , [u'Sandwiches', u'sandwiches'], [u'Fast Food', u'hotdogs'], ,,,,,,,,,,,,,,,,,,,,,,,,,,,,,,,,,,,,,,
dominos-pizza-los-angeles-25, Domino's Pizza, True,3237536888,10,2.5, Los Angeles, CA,90037, , , , , , , , , , , , , , , , , , , , [u'Pizza', u'pizza'], [u'Chicken Wings', u'chicken_wings'], [u'Sandwiches', u'sandwiches'], ,,,,,,,,,,,,,,,,,,,,,,,,,,,,,,,,,,,,
subway-los-angeles-155, Subway, False,3237508965,1,3, Los Angeles, CA,90044, Under $10, No, No, Yes, Yes, , , Yes, No, Yes, Casual, , , , , , , , , [u'Sandwiches', u'sandwiches'], [u'Fast Food', u'hotdogs'], ,,,,,,,,,,,,,,,,,,,,,,,,,,,,,,,,,,,,,,
dominos-pizza-los-angeles-17, Domino's Pizza, True,3237585500,9,3, Los Angeles, CA,90044, Under $10, No, Yes, Yes, Yes, , , Yes, Yes, Yes, Casual, , , No, No, No, No, No, , [u'Pizza', u'pizza'], [u'Chicken Wings', u'chicken_wings'], [u'Sandwiches', u'sandwiches'], ,,,,,,,,,,,,,,,,,,,,,,,,,,,,,,,,,,,,
subway-los-angeles-2, Subway, False,3237585700,2,1, Los Angeles, CA,90044, , , , , , , , , , , , , , , , , , , , [u'Sandwiches', u'sandwiches'], [u'Fast Food', u'hotdogs'], ,,,,,,,,,,,,,,,,,,,,,,,,,,,,,,,,,,,,,,
dominos-pizza-los-angeles-6, Domino's Pizza, True,3235870300,10,2.5, Los Angeles, CA,90001, $11-30, No, Yes, Yes, Yes, , , No, Yes, Yes, Casual, , Quiet, No, No, No, No, No, Yes, [u'Pizza', u'pizza'], [u'Chicken Wings', u'chicken_wings'], [u'Sandwiches', u'sandwiches'], ,,,,,,,,,,,,,,,,,,,,,,,,,,,,,,,,,,,,
chuck-e-cheeses-los-angeles-6, Chuck E. Cheese's, False,3235862124,16,2, Los Angeles, CA,90001, $11-30, Yes, No, No, Yes, Lunch, Private Lot, Yes, Yes, Yes, Casual, , Very Loud, No, No, No, No, No, No, [u'Pizza', u'pizza'], ,,,,,,,,,,,,,,,,,,,,,,,,,,,,,,,,,,,,,,,,
pizza-hut-los-angeles-5, Pizza Hut, True,3232331444,8,1.5, Los Angeles, CA,90011, $11-30, No, Yes, Yes, Yes, Dinner, Street, Yes, No, No, Casual, , Very Loud, No, No, No, No, No, No, [u'Pizza', u'pizza'], [u'Italian', u'italian'], [u'Chicken Wings', u'chicken_wings'], ,,,,,,,,,,,,,,,,,,,,,,,,,,,,,,,,,,,,
subway-los-angeles-120, Subway, False,3237557200,2,5, Los Angeles, CA,90003, , , , , , , , , , , , , , , , , , , , [u'Sandwiches', u'sandwiches'], [u'Fast Food', u'hotdogs'], ,,,,,,,,,,,,,,,,,,,,,,,,,,,,,,,,,,,,,,
rays-bbq-huntington-park, Rays BBQ, True,3239781116,195,4.5, Huntington Park, CA,90255, $11-30, No, Yes, Yes, Yes, Brunch, Street+ Private Lot, No, Yes, Yes, Casual, Divey, Average, No, No, No, No, No, Yes, [u'Barbeque', u'bbq'], [u'American (New)', u'newamerican'], ,,,,,,,,,,,,,,,,,,,,,,,,,,,,,,,,,,,,,,
pizza-hut-los-angeles-3, Pizza Hut, True,3237579000,10,1, Los Angeles, CA,90044, , , , , , , , , , , , , , , , , , , , [u'Pizza', u'pizza'], [u'Italian', u'italian'], [u'Chicken Wings', u'chicken_wings'], ,,,,,,,,,,,,,,,,,,,,,,,,,,,,,,,,,,,,
tumbys-pizza-los-angeles-3, Tumby's Pizza, False,3237896409,46,4, Los Angeles, CA,90047, Under $10, No, Yes, Yes, Yes, Lunch, Street, Yes, Yes, No, Casual, Casual, Very Loud, No, No, No, No, No, No, [u'Pizza', u'pizza'], [u'Italian', u'italian'], ,,,,,,,,,,,,,,,,,,,,,,,,,,,,,,,,,,,,,,
subway-los-angeles-85, Subway, False,3232928788,7,2.5, Los Angeles, CA,90047, Under $10, No, Yes, Yes, Yes, Breakfast, , Yes, Yes, Yes, Casual, , Average, No, No, , Yes, No, Yes, [u'Fast Food', u'hotdogs'], [u'Sandwiches', u'sandwiches'], ,,,,,,,,,,,,,,,,,,,,,,,,,,,,,,,,,,,,,,
pamore-pizza-huntington-park, Pamore Pizza, True,3235862018,4,4, Huntington Park, CA,90255, Under $10, No, No, Yes, Yes, , , Yes, Yes, No, Casual, , , No, No, , Yes, , , [u'Pizza', u'pizza'], ID,Name,Claimed?,Phone,Count,Rating,City,State,Zip-code,Price,Reservations,Delivery,Take-out,Credit cards,Good for,Parking,Bike,Kids,Groups,Attire,Ambience,Noise,Alcohol,Outdoor,WiFi,TV,Waiter,Caters,Tag 1,Tag 2,Tag 3,Tag 4,Tag 5,Tag 6,Tag 7,Tag 8,Tag 9,,,,
,,,,,,,,,,,,,,,,,,,,,,,,,,,,,,,,,,,,,,,,,,,,,,,,,,,,,,,,,,,,,,,,,,,,,,
golden-ox-los-angeles, Golden Ox, False,3237781104,15,3.5, Los Angeles, CA,90003, Under $10, No, No, Yes, Yes, Brunch, Private Lot, Yes, Yes, Yes, Casual, , Average, No, Yes, , Yes, No, , [u'Fast Food', u'hotdogs'], ,,,,,,,,,,,,,,,,,,,,,,,,,,,,,,,,,,,,,,,,
nellies-place-los-angeles, Nellie's Place, False,3237584949,6,3, Los Angeles, CA,90003, $11-30, No, No, Yes, No, , , , Yes, No, Casual, , Quiet, No, No, No, Yes, Yes, No, [u'Restaurants', u'restaurants'], ,,,,,,,,,,,,,,,,,,,,,,,,,,,,,,,,,,,,,,,,
jack-in-the-box-los-angeles-2, Jack in The Box, False,3237515083,6,3, Los Angeles, CA,90003, Under $10, No, No, Yes, Yes, , , Yes, Yes, Yes, Casual, , , No, No, , No, No, , [u'Burgers', u'burgers'], [u'Fast Food', u'hotdogs'], ,,,,,,,,,,,,,,,,,,,,,,,,,,,,,,,,,,,,,,
las-guanaquitas-los-angeles, Las Guanaquitas, False,3237534930,14,4, Los Angeles, CA,90003, $11-30, No, No, Yes, Yes, Brunch, , No, Yes, Yes, Casual, Casual, Average, No, No, No, Yes, Yes, Yes, [u'Salvadoran', u'salvadoran'], ,,,,,,,,,,,,,,,,,,,,,,,,,,,,,,,,,,,,,,,,
lucys-restaurant-los-angeles, Lucy's Restaurant, False,3235890711,5,4, Los Angeles, CA,90001, , , , , , , , , , , , , , , , , , , , [u'Restaurants', u'restaurants'], ,,,,,,,,,,,,,,,,,,,,,,,,,,,,,,,,,,,,,,,,
flor-blanca-panaderia-and-restaurant-los-angeles, Flor Blanca Panaderia & Restaurant, False,3235810215,4,4, Los Angeles, CA,90001, Under $10, No, No, Yes, Yes, , , Yes, Yes, Yes, Casual, , Average, No, No, No, Yes, Yes, Yes, [u'American (New)', u'newamerican'], ,,,,,,,,,,,,,,,,,,,,,,,,,,,,,,,,,,,,,,,,
hercules-burgers-los-angeles-2, Hercules Burgers, True,3237500740,8,3, Los Angeles, CA,90003, Under $10, No, No, Yes, Yes, , , Yes, Yes, Yes, Casual, , Average, No, Yes, No, No, No, No, [u'Burgers', u'burgers'], [u'Fast Food', u'hotdogs'], [u'Greek', u'greek'], ID,Name,Claimed?,Phone,Count,Rating,City,State,Zip-code,Price,Reservations,Delivery,Take-out,Credit cards,Good for,Parking,Bike,Kids,Groups,Attire,Ambience,Noise,Alcohol,Outdoor,WiFi,TV,Waiter,Caters,Tag 1,Tag 2,Tag 3,Tag 4,Tag 5,Tag 6,Tag 7,Tag 8,Tag 9
,,,,,,,,,,,,,,,,,,,,,,,,,,,,,,,,,,,,,,,,,,,,,,,,,,,,,,,,,,,,,,,,,,,,,,
chinatown-express-los-angeles-4, Chinatown Express, False,3237780239,1,5, Los Angeles, CA,90003, , No, , Yes, No, , , , , , , , , , , , , , , [u'Chinese', u'chinese'], ,,,,,,,,,,,,,,,,,,,,,,,,,,,,,,,,,,,,,,,,
panda-express-los-angeles-40, Panda Express, False, ,1,2, Los Angeles, CA,90001, $11-30, No, No, Yes, Yes, , , Yes, Yes, Yes, Casual, , , , Yes, No, No, , , [u'Chinese', u'chinese'], ,,,,,,,,,,,,,,,,,,,,,,,,,,,,,,,,,,,,,,,,
hong-kong-restaurant-los-angeles-2, Hong Kong Restaurant, False,3237536188,2,5, Los Angeles, CA,90003, Under $10, No, No, No, No, , , , Yes, Yes, Casual, , , , , , No, , , [u'Restaurants', u'restaurants'], ,,,,,,,,,,,,,,,,,,,,,,,,,,,,,,,,,,,,,,,,
panda-express-los-angeles-41, Panda Express, False,3238468518,4,3, Los Angeles, CA,90001, Under $10, No, No, Yes, Yes, Lunch, , Yes, Yes, Yes, Casual, , Average, No, Yes, No, No, No, Yes, [u'Chinese', u'chinese'], ,,,,,,,,,,,,,,,,,,,,,,,,,,,,,,,,,,,,,,,,
chinatown-express-los-angeles-10, Chinatown Express, False,3237788278,2,5, Los Angeles, CA,90044, Under $10, No, No, Yes, Yes, , , No, Yes, Yes, Casual, , , , No, , , , , [u'Chinese', u'chinese'], [u'Fast Food', u'hotdogs'], ,,,,,,,,,,,,,,,,,,,,,,,,,,,,,,,,,,,,,,
hong-kong-express-los-angeles-14, Hong Kong Express, False,3235889078,7,2.5, Los Angeles, CA,90001, Under $10, No, No, Yes, Yes, , , No, Yes, Yes, Casual, , , , No, No, , , Yes, [u'Chinese', u'chinese'], ,,,,,,,,,,,,,,,,,,,,,,,,,,,,,,,,,,,,,,,,
lucky-chinese-fast-food-los-angeles, Lucky Chinese Fast Food, True,3232314636,5,4, Los Angeles, CA,90037, Under $10, No, No, Yes, Yes, , , No, Yes, Yes, Casual, , Average, No, No, No, No, No, , [u'Chinese', u'chinese'], ,,,,,,,,,,,,,,,,,,,,,,,,,,,,,,,,,,,,,,,,
china-express-los-angeles-5, China Express, False,3232347000,1,5, Los Angeles, CA,90011, , , , , , , , , , , , , , , , , , , , [u'Chinese', u'chinese'], ,,,,,,,,,,,,,,,,,,,,,,,,,,,,,,,,,,,,,,,,
china-express-and-hawaiian-barbecue-los-angeles, China Express & Hawaiian Barbecue, False,3232333348,1,4, Los Angeles, CA,90011, , , , , , , , , , , Casual, , , , , , , , , [u'Chinese', u'chinese'], ,,,,,,,,,,,,,,,,,,,,,,,,,,,,,,,,,,,,,,,,
china-express-los-angeles-12, China Express, False,3235884150,1,1, Los Angeles, CA,90001, , , , , , , , , , , , , , , , , , , , [u'Chinese', u'chinese'], ,,,,,,,,,,,,,,,,,,,,,,,,,,,,,,,,,,,,,,,,
hong-kong-bowl-los-angeles, Hong Kong Bowl, False,3235849125,3,5, Los Angeles, CA,90001, , , , , , , , , , , , , , , , , , , , [u'Chinese', u'chinese'], ,,,,,,,,,,,,,,,,,,,,,,,,,,,,,,,,,,,,,,,,
bamboo-garden-restaurant-los-angeles, Bamboo Garden Restaurant, False,3237531471,8,3, Los Angeles, CA,90044, Under $10, No, No, Yes, No, Lunch, , Yes, No, No, Casual, , Average, No, No, No, No, No, Yes, [u'Chinese', u'chinese'], ,,,,,,,,,,,,,,,,,,,,,,,,,,,,,,,,,,,,,,,,
china-express-los-angeles-7, China Express, False,3232321944,1,2, Los Angeles, CA,90037, , , , , , , , , , , , , , , , , , , , [u'Chinese', u'chinese'], ,,,,,,,,,,,,,,,,,,,,,,,,,,,,,,,,,,,,,,,,
chinese-express-los-angeles-4, Chinese Express, False,3232331388,1,1, Los Angeles, CA,90037, Under $10, , , Yes, , , , , Yes, No, Casual, , Quiet, No, No, , No, No, No, [u'Chinese', u'chinese'], ,,,,,,,,,,,,,,,,,,,,,,,,,,,,,,,,,,,,,,,,
hong-kong-express-los-angeles-22, Hong Kong Express, False,3237770299,14,3.5, Los Angeles, CA,90003, Under $10, No, No, Yes, No, Lunch+ Dinner, , , Yes, Yes, Casual, , Average, No, No, No, No, No, Yes, [u'Chinese', u'chinese'], ,,,,,,,,,,,,,,,,,,,,,,,,,,,,,,,,,,,,,,,,
panda-king-chinese-food-los-angeles, Panda King Chinese Food, False,3238465188,2,4, Los Angeles, CA,90011, Under $10, No, No, Yes, No, , , Yes, Yes, Yes, Casual, , , , No, No, Yes, , , [u'Chinese', u'chinese'], ,,,,,,,,,,,,,,,,,,,,,,,,,,,,,,,,,,,,,,,,
the-sugar-doughnuts-los-angeles, The Sugar Doughnuts, False,3232327250,4,5, Los Angeles, CA,90037, Under $10, , , , , , , , , , , , , , , , , , , [u'Donuts', u'donuts'], [u'Chinese', u'chinese'], ID,Name,Claimed?,Phone,Count,Rating,City,State,Zip-code,Price,Reservations,Delivery,Take-out,Credit cards,Good for,Parking,Bike,Kids,Groups,Attire,Ambience,Noise,Alcohol,Outdoor,WiFi,TV,Waiter,Caters,Tag 1,Tag 2,Tag 3,Tag 4,Tag 5,Tag 6,Tag 7,Tag 8,Tag 9,,
,,,,,,,,,,,,,,,,,,,,,,,,,,,,,,,,,,,,,,,,,,,,,,,,,,,,,,,,,,,,,,,,,,,,,,
andys-pizzeria-los-angeles, Andy's Pizzeria, True,3235372666,19,4, Los Angeles, CA,90001, $11-30, No, Yes, Yes, Yes, , Street, Yes, Yes, Yes, Casual, Casual, Average, No, No, No, Yes, Yes, Yes, [u'Food Delivery Services', u'fooddeliveryservices'], [u'Pizza', u'pizza'], [u'Mexican', u'mexican'], ,,,,,,,,,,,,,,,,,,,,,,,,,,,,,,,,,,,,
pizza-stop-los-angeles, Pizza Stop, True,3232317569,1,5, Los Angeles, CA,90003, Under $10, No, Yes, Yes, Yes, , , , Yes, Yes, Casual, , , No, , Free, Yes, , , [u'Pizza', u'pizza'], ,,,,,,,,,,,,,,,,,,,,,,,,,,,,,,,,,,,,,,,,
brix-pizza-los-angeles, Brix Pizza, False,3237502749,8,3.5, Los Angeles, CA,90044, , , , , , , , , , , , , , , , , , , , [u'American (New)', u'newamerican'], [u'Pizza', u'pizza'], ,,,,,,,,,,,,,,,,,,,,,,,,,,,,,,,,,,,,,,
pronto-pizza-los-angeles-8, Pronto Pizza, False,3234513964,3,4, Los Angeles, CA,90002, Inexpensive, , , , Yes, , , No, , , , , , , , , , , , [u'Food', u'food'], ,,,,,,,,,,,,,,,,,,,,,,,,,,,,,,,,,,,,,,,,
little-caesars-los-angeles-25, Little Caesars, False,3233257431,1,3, Los Angeles, CA,90001, $11-30, Yes, No, Yes, Yes, , , Yes, Yes, No, Casual, , , , No, , , , , [u'Pizza', u'pizza'], ,,,,,,,,,,,,,,,,,,,,,,,,,,,,,,,,,,,,,,,,
little-caesars-pizza-los-angeles-27, Little Caesars Pizza, False,3235410928,3,3.5, Los Angeles, CA,90003, , , , , , , , , , , , , , , , , , , , [u'Pizza', u'pizza'], ,,,,,,,,,,,,,,,,,,,,,,,,,,,,,,,,,,,,,,,,
la-pizza-loca-los-angeles-14, La Pizza Loca, False,3235896377,5,2, Los Angeles, CA,90001, Under $10, No, Yes, Yes, Yes, , , Yes, No, No, Casual, , Average, No, No, , No, , , [u'Pizza', u'pizza'], ,,,,,,,,,,,,,,,,,,,,,,,,,,,,,,,,,,,,,,,,
tumbys-pizza-los-angeles, Tumby's Pizza, False,3237592651,14,3.5, Los Angeles, CA,90044, Under $10, No, Yes, Yes, Yes, , Private Lot, Yes, Yes, Yes, Casual, Hipster, Average, No, No, No, No, No, No, [u'Pizza', u'pizza'], ,,,,,,,,,,,,,,,,,,,,,,,,,,,,,,,,,,,,,,,,
la-pizza-los-angeles, LA PIZZA, True,3237517444,5,5, Los Angeles, CA,90044, , , , , , , , , , , , , , , , , , , , [u'Pizza', u'pizza'], ,,,,,,,,,,,,,,,,,,,,,,,,,,,,,,,,,,,,,,,,
jammin-jimmys-pizza-los-angeles, Jammin Jimmy's Pizza, False,3235828787,9,5, Los Angeles, CA,90001, Under $10, Yes, Yes, Yes, Yes, , , Yes, Yes, Yes, Casual, , , , Yes, No, Yes, , , [u'Pizza', u'pizza'], ,,,,,,,,,,,,,,,,,,,,,,,,,,,,,,,,,,,,,,,,
la-pizza-xpress-los-angeles, LA Pizza Xpress, False,3232314992,3,5, Los Angeles, CA,90011, , No, Yes, Yes, , , , , Yes, Yes, , , , , , , , , , [u'Pizza', u'pizza'], ,,,,,,,,,,,,,,,,,,,,,,,,,,,,,,,,,,,,,,,,
ell-sole-bakery-los-angeles, Ell Sole Bakery, False,3232342229,4,5, Los Angeles, CA,90037, , Yes, No, Yes, Yes, , , , , Yes, , , , , , , , , , [u'Pizza', u'pizza'], [u'Cafes', u'cafes'], [u'Bakeries', u'bakeries'], ,,,,,,,,,,,,,,,,,,,,,,,,,,,,,,,,,,,,
little-caesars-huntington-park, Little Caesars, False,3235856046,4,2.5, Huntington Park, CA,90255, , , , , , , , , , , , , , , , , , , , [u'Pizza', u'pizza'], ID,Name,Claimed?,Phone,Count,Rating,City,State,Zip-code,Price,Reservations,Delivery,Take-out,Credit cards,Good for,Parking,Bike,Kids,Groups,Attire,Ambience,Noise,Alcohol,Outdoor,WiFi,TV,Waiter,Caters,Tag 1,Tag 2,Tag 3,Tag 4,Tag 5,Tag 6,Tag 7,Tag 8,Tag 9,,,,
,,,,,,,,,,,,,,,,,,,,,,,,,,,,,,,,,,,,,,,,,,,,,,,,,,,,,,,,,,,,,,,,,,,,,,
rallys-hamburgers-los-angeles, Rally's Hamburgers, False,3237515839,10,1.5, Los Angeles, CA,90003, Under $10, No, No, Yes, Yes, , , Yes, Yes, Yes, Casual, , Average, No, Yes, No, No, No, No, [u'Burgers', u'burgers'], ,,,,,,,,,,,,,,,,,,,,,,,,,,,,,,,,,,,,,,,,
winchells-doughnut-house-los-angeles-10, Winchell's Doughnut House, False,3237539850,3,2, Los Angeles, CA,90003, Under $10, No, No, Yes, Yes, , , Yes, Yes, Yes, Casual, , Quiet, No, No, No, Yes, No, Yes, [u'Cafes', u'cafes'], ,,,,,,,,,,,,,,,,,,,,,,,,,,,,,,,,,,,,,,,,
tams-burgers-los-angeles-5, Tam's Burgers, True,3235858267,4,4, Los Angeles, CA,90001, $11-30, No, Yes, Yes, No, , , Yes, Yes, Yes, Casual, , , No, No, No, Yes, No, No, [u'Burgers', u'burgers'], ,,,,,,,,,,,,,,,,,,,,,,,,,,,,,,,,,,,,,,,,
burger-planet-los-angeles, Burger Planet, False,3237500740,10,3, Los Angeles, CA,90003, Under $10, No, No, Yes, Yes, , , , Yes, Yes, Casual, , Loud, No, No, , , No, , [u'Burgers', u'burgers'], ,,,,,,,,,,,,,,,,,,,,,,,,,,,,,,,,,,,,,,,,
house-of-boba-los-angeles, House Of Boba, False,3232380257,8,4, Los Angeles, CA,90003, Under $10, , , , Yes, , , Yes, , , , , , , No, Free, , , , [u'Coffee & Tea', u'coffee'], [u'Juice Bars & Smoothies', u'juicebars'], [u'Sandwiches', u'sandwiches'], ,,,,,,,,,,,,,,,,,,,,,,,,,,,,,,,,,,,,
mcdonalds-los-angeles-120, McDonald's, False,3237582740,16,1.5, Los Angeles, CA,90003, , , , , , , , , , , , , , , , , , , , [u'Fast Food', u'hotdogs'], [u'Burgers', u'burgers'], ,,,,,,,,,,,,,,,,,,,,,,,,,,,,,,,,,,,,,,
gravy-train-poutinerie-los-angeles, Gravy Train Poutinerie, False, ,36,3.5, Los Angeles, CA,90011, Under $10, No, No, Yes, Yes, , Street, , Yes, No, Casual, Casual, Average, No, No, No, No, No, Yes, [u'Food Trucks', u'foodtrucks'], [u'Poutineries', u'poutineries'], ,,,,,,,,,,,,,,,,,,,,,,,,,,,,,,,,,,,,,,
roscoes-house-of-chicken-and-waffles-los-angeles-4, Roscoe's House of Chicken & Waffles, True,3237526211,274,4, Los Angeles, CA,90003, $11-30, No, No, Yes, Yes, Lunch, Private Lot, Yes, Yes, Yes, Casual, Casual, Average, No, No, No, No, Yes, Yes, [u'Southern', u'southern'], [u'Breakfast & Brunch', u'breakfast_brunch'], ,,,,,,,,,,,,,,,,,,,,,,,,,,,,,,,,,,,,,,
the-burger-palace-los-angeles, The Burger Palace, False,3237504507,23,4, Los Angeles, CA,90003, , , , , , , , , , , , , , , , , , , , [u'Burgers', u'burgers'], ,,,,,,,,,,,,,,,,,,,,,,,,,,,,,,,,,,,,,,,,
the-blt-truck-los-angeles, The BLT Truck, False,3239519991,10,4, Los Angeles, CA,90011, Inexpensive, , , , Yes, , , Yes, , , , , , , , , , , , [u'Food Trucks', u'foodtrucks'], ,,,,,,,,,,,,,,,,,,,,,,,,,,,,,,,,,,,,,,,,
fatburger-los-angeles-26, Fatburger, True,3232322000,11,4, Los Angeles, CA,90001, $11-30, No, No, Yes, Yes, Lunch, , No, Yes, Yes, Casual, , Average, No, No, No, No, , , [u'Burgers', u'burgers'], ,,,,,,,,,,,,,,,,,,,,,,,,,,,,,,,,,,,,,,,,
subway-los-angeles-189, Subway, False,3235211957,4,2.5, Los Angeles, CA,90011, Under $10, No, No, Yes, Yes, , , No, Yes, Yes, Casual, , Quiet, No, No, , No, Yes, Yes, [u'Sandwiches', u'sandwiches'], [u'Fast Food', u'hotdogs'], ,,,,,,,,,,,,,,,,,,,,,,,,,,,,,,,,,,,,,,
bobos-hamburgers-los-angeles, Bobo's Hamburgers, True,3235829978,33,4, Los Angeles, CA,90001, , , , , , , , , , , , , , , , , , , , [u'Burgers', u'burgers'], [u'Breakfast & Brunch', u'breakfast_brunch'], ID,Name,Claimed?,Phone,Count,Rating,City,State,Zip-code,Price,Reservations,Delivery,Take-out,Credit cards,Good for,Parking,Bike,Kids,Groups,Attire,Ambience,Noise,Alcohol,Outdoor,WiFi,TV,Waiter,Caters,Tag 1,Tag 2,Tag 3,Tag 4,Tag 5,Tag 6,Tag 7,Tag 8,Tag 9,,
,,,,,,,,,,,,,,,,,,,,,,,,,,,,,,,,,,,,,,,,,,,,,,,,,,,,,,,,,,,,,,,,,,,,,,
daily-donuts-los-angeles-6, Daily Donuts, False, ,3,4.5, Los Angeles, CA,90003, Inexpensive, , , , No, , Private Lot, No, , , , , , , , , , , , [u'Donuts', u'donuts'], ,,,,,,,,,,,,,,,,,,,,,,,,,,,,,,,,,,,,,,,,
starbucks-los-angeles-362, Starbucks, False, ,1,2, Los Angeles, CA,90011, Inexpensive, , , , Yes, , , Yes, , , , , , , Yes, Free, , , , [u'Coffee & Tea', u'coffee'], ,,,,,,,,,,,,,,,,,,,,,,,,,,,,,,,,,,,,,,,,
starbucks-los-angeles-286, Starbucks, False, ,31,3, Los Angeles, CA,90011, Inexpensive, , , , Yes, , Garage, Yes, , , , , , , Yes, Free, , , , [u'Coffee & Tea', u'coffee'], ,,,,,,,,,,,,,,,,,,,,,,,,,,,,,,,,,,,,,,,,
winchells-donuts-los-angeles-5, Winchells Donuts, False,3237582372,12,2.5, Los Angeles, CA,90003, Inexpensive, , , , Yes, , Private Lot, No, , , , , , , , , , , , [u'Donuts', u'donuts'], ,,,,,,,,,,,,,,,,,,,,,,,,,,,,,,,,,,,,,,,,
7-eleven-los-angeles-99, 7-Eleven, True,3235858378,1,5, Los Angeles, CA,90001, Inexpensive, , , , Yes, , , Yes, , , , , , , No, Paid, , , , [u'Convenience Stores', u'convenience'], [u'Beer, Wine & Spirits', u'beer_and_wine'], [u'Coffee & Tea', u'coffee'], ,,,,,,,,,,,,,,,,,,,,,,,,,,,,,,,,,,,
starbucks-los-angeles-167, Starbucks, False,3235851928,49,2.5, Los Angeles, CA,90001, Inexpensive, , , , Yes, , Private Lot, No, , , , , , , No, Free, , , , [u'Coffee & Tea', u'coffee'], ,,,,,,,,,,,,,,,,,,,,,,,,,,,,,,,,,,,,,,,,
coffee-times-donuts-los-angeles, Coffee Times Donuts, False,3232313883,2,4.5, Los Angeles, CA,90037, , , , , , , , , , , , , , , , , , , , [u'Coffee & Tea', u'coffee'], ,,,,,,,,,,,,,,,,,,,,,,,,,,,,,,,,,,,,,,,,
7-eleven-los-angeles-105, 7-Eleven, True,3237580711,1,1, Los Angeles, CA,90037, , , , , , , , , , , , , , , , , , , , [u'Beer, Wine & Spirits', u'beer_and_wine'], [u'Convenience Stores', u'convenience'], [u'Coffee & Tea', u'coffee'], ,,,,,,,,,,,,,,,,,,,,,,,,,,,,,,,,,,,
a-and-t-burgers-los-angeles, A & T Burgers, True,3237540709,32,4, Los Angeles, CA,90003, Under $10, No, No, Yes, Yes, Breakfast+ Brunch+ Lunch+ Dinner+ Late Night, Private Lot, No, Yes, Yes, Casual, Casual, Average, No, Yes, No, No, No, No, [u'Burgers', u'burgers'], [u'Breakfast & Brunch', u'breakfast_brunch'], ,,,,,,,,,,,,,,,,,,,,,,,,,,,,,,,,,,,,,,
7-eleven-huntington-park-2, 7-Eleven, True,3235810524,5,5, Huntington Park, CA,90255, Inexpensive, , , , Yes, , Private Lot, Yes, , , , , , , No, No, , , , [u'Beer, Wine & Spirits', u'beer_and_wine'], [u'Convenience Stores', u'convenience'], [u'Coffee & Tea', u'coffee'], ,,,,,,,,,,,,,,,,,,,,,,,,,,,,,,,,,,,
amigos-donuts-huntington-park, Amigos Donuts, False,3235816101,5,5, Huntington Park, CA,90255, , , , , , , , , , , , , , , , , , , , [u'Donuts', u'donuts'], ID,Name,Claimed?,Phone,Count,Rating,City,State,Zip-code,Price,Reservations,Delivery,Take-out,Credit cards,Good for,Parking,Bike,Kids,Groups,Attire,Ambience,Noise,Alcohol,Outdoor,WiFi,TV,Waiter,Caters,Tag 1,Tag 2,Tag 3,Tag 4,Tag 5,Tag 6,Tag 7,Tag 8,Tag 9,,,,
,,,,,,,,,,,,,,,,,,,,,,,,,,,,,,,,,,,,,,,,,,,,,,,,,,,,,,,,,,,,,,,,,,,,,,
tniggies-bar-los-angeles, T'Niggies Bar, False, ,1,3, Los Angeles, CA,90003, , , , , , , , , , , , , , , , , , , , [u'Dive Bars', u'divebars'], ,,,,,,,,,,,,,,,,,,,,,,,,,,,,,,,,,,,,,,,,
zacatecas-bar-los-angeles, Zacatecas Bar, False,3237515634,1,4, Los Angeles, CA,90003, , , , , , , , , , , , , , , , , , , , [u'Sports Bars', u'sportsbars'], ,,,,,,,,,,,,,,,,,,,,,,,,,,,,,,,,,,,,,,,,
artefx-decor-los-angeles, Artefx Decor, False,3238412481,1,5, Los Angeles, CA,90001, , , , , , , , , , , , , , , , , , , , [u'Art Galleries', u'galleries'], [u'Furniture Stores', u'furniture'], [u'Home Decor', u'homedecor'], ,,,,,,,,,,,,,,,,,,,,,,,,,,,,,,,,,,,,
defiant-ones-los-angeles, Defiant Ones, False, ,2,2, Los Angeles, CA,90001, , , , , , , , , , , , , , , , , , , , [u'Bars', u'bars'], [u'Dance Clubs', u'danceclubs'], ,,,,,,,,,,,,,,,,,,,,,,,,,,,,,,,,,,,,,,
the-rad-cabin-los-angeles, The Rad Cabin, False, ,1,5, Los Angeles, CA,90003, Inexpensive, , , , Yes, , , Yes, , Yes, , , Very Loud, Full Bar, Yes, , Yes, , , [u'Dance Clubs', u'danceclubs'], [u'Lounges', u'lounges'], ,,,,,,,,,,,,,,,,,,,,,,,,,,,,,,,,,,,,,,
buzz-los-angeles, Buzz, False,3238222814,1,3, Los Angeles, CA,90001, , , , , , , , , , , , , , , , , , , , [u'Bars', u'bars'], ,,,,,,,,,,,,,,,,,,,,,,,,,,,,,,,,,,,,,,,,
bill-and-vi-cozy-corner-los-angeles, Bill & VI Cozy Corner, False,3239719089,2,5, Los Angeles, CA,90044, Inexpensive, , , , Yes, , , No, , Yes, , , Average, , No, , Yes, , , [u'Sports Bars', u'sportsbars'], ,,,,,,,,,,,,,,,,,,,,,,,,,,,,,,,,,,,,,,,,
el-sagitario-los-angeles, El Sagitario, False,2135859840,1,1, Los Angeles, CA,90001, Under $10, , , , , , , , , No, , , Average, , No, , Yes, , , [u'Bars', u'bars'], [u'Mexican', u'mexican'], ,,,,,,,,,,,,,,,,,,,,,,,,,,,,,,,,,,,,,,
sports-bar-los-angeles, Sports Bar, False, ,1,4, Los Angeles, CA,90001, , , , , , , , , , , , , , , , , , , , [u'Sports Bars', u'sportsbars'], ,,,,,,,,,,,,,,,,,,,,,,,,,,,,,,,,,,,,,,,,
the-black-castle-los-angeles, The Black Castle, False, ,11,4, Los Angeles, CA,90044, Inexpensive, , , , No, , Street, Yes, No, Yes, , , Very Loud, No, No, , No, , , [u'Music Venues', u'musicvenues'], ,,,,,,,,,,,,,,,,,,,,,,,,,,,,,,,,,,,,,,,,
el-vaquero-restaurant-and-nightclub-los-angeles, El Vaquero Restaurant & Nightclub, False,5622879570,5,4, Los Angeles, CA,90001, , Yes, No, Yes, , , , , No, , , , , , , , , , , [u'Mexican', u'mexican'], [u'Cocktail Bars', u'cocktailbars'], [u'Dive Bars', u'divebars'], ,,,,,,,,,,,,,,,,,,,,,,,,,,,,,,,,,,,,
la-boom-los-angeles, La Boom, False,3235887373,33,2.5, Los Angeles, CA,90001, Moderate, , , , Yes, , Private Lot, Yes, , Yes, , Divey, Very Loud, Full Bar, No, , Yes, , , [u'Dance Clubs', u'danceclubs'], ,,,,,,,,,,,,,,,,,,,,,,,,,,,,,,,,,,,,,,,,
franklin-bells-blues-workshop-los-angeles, Franklin Bell's Blues Workshop, False, ,1,5, Los Angeles, CA,90002, Inexpensive, , , , No, , , , , Yes, , , , , , , , , , [u'Jazz & Blues', u'jazzandblues'], ,,,,,,,,,,,,,,,,,,,,,,,,,,,,,,,,,,,,,,,,
el-nuevo-reno-los-angeles, El Nuevo Reno, False,3237536343,1,1, Los Angeles, CA,90047, , , , , , , , , , , , , , , , , , , , [u'Bars', u'bars'], ,,,,,,,,,,,,,,,,,,,,,,,,,,,,,,,,,,,,,,,,
el-latino-alegre-los-angeles, El Latino Alegre, False,3235812668,1,1, Los Angeles, CA,90001, , , , , , , , , , , , , Average, Full Bar, , , , , , [u'Dive Bars', u'divebars'], ,,,,,,,,,,,,,,,,,,,,,,,,,,,,,,,,,,,,,,,,
don-chente-bar-and-grill-huntington-park, Don Chente Bar and Grill, True,3235858900,106,3, Huntington Park, CA,90255, $11-30, Yes, No, Yes, Yes, Lunch+ Dinner+ Late Night, Private Lot, Yes, Yes, Yes, Casual, Casual, Average, Full Bar, Yes, No, Yes, Yes, Yes, [u'Mexican', u'mexican'], [u'Sports Bars', u'sportsbars'], ,,,,,,,,,,,,,,,,,,,,,,,,,,,,,,,,,,,,,,
el-camino-club-huntington-park, El Camino Club, False,3235825234,1,3, Huntington Park, CA,90255, Moderate, , , , No, , , Yes, , Yes, , , Loud, Full Bar, No, , Yes, , , [u'Wine Bars', u'wine_bars'], ,,,,,,,,,,,,,,,,,,,,,,,,,,,,,,,,,,,,,,,,
pure-pleasure-blues-club-bar-los-angeles, Pure Pleasure Blues Club Bar, False,3237788497,2,3, Los Angeles, CA,90047, , , , , , , , , , , , , , , , , , , , [u'Jazz & Blues', u'jazzandblues'], [u'Pool Halls', u'poolhalls'], ,,,,,,,,,,,,,,,,,,,,,,,,,,,,,,,,,,,,,,
las-palomas-night-club-los-angeles, Las Palomas Night Club, False,3237524185,1,4, Los Angeles, CA,90047, , , , , , , , , , Yes, , , , , , , , , , [u'Nightlife', u'nightlife'], ,,,,,,,,,,,,,,,,,,,,,,,,,,,,,,,,,,,,,,,,
jackson-bros-bar-los-angeles, Jackson Bros Bar, True,3237594015,2,4, Los Angeles, CA,90047, , , , , , , , , , , , , , , , , , , , [u'Sports Bars', u'sportsbars'], ID,Name,Claimed?,Phone,Count,Rating,City,State,Zip-code,Price,Reservations,Delivery,Take-out,Credit cards,Good for,Parking,Bike,Kids,Groups,Attire,Ambience,Noise,Alcohol,Outdoor,WiFi,TV,Waiter,Caters,Tag 1,Tag 2,Tag 3,Tag 4,Tag 5,Tag 6,Tag 7,Tag 8,Tag 9,,,,
,,,,,,,,,,,,,,,,,,,,,,,,,,,,,,,,,,,,,,,,,,,,,,,,,,,,,,,,,,,,,,,,,,,,,,
burger-king-los-angeles-31, Burger King, False,3235832338,7,2.5, Los Angeles, CA,90001, Under $10, No, No, Yes, Yes, Breakfast, , Yes, Yes, Yes, Casual, , , No, No, No, No, No, , [u'Burgers', u'burgers'], [u'Fast Food', u'hotdogs'], ,,,,,,,,,,,,,,,,,,,,,,,,,,,,,,,,,,,,,,
tortas-ahogadas-guadalajara-huntington-park, Tortas Ahogadas Guadalajara, True,3235873115,59,3.5, Huntington Park, CA,90255, Under $10, No, No, Yes, Yes, Lunch, Private Lot, No, Yes, Yes, Casual, Casual, Average, Beer & Wine Only, No, Free, Yes, Yes, Yes, [u'Mexican', u'mexican'], [u'Sandwiches', u'sandwiches'], ,,,,,,,,,,,,,,,,,,,,,,,,,,,,,,,,,,,,,,
dinos-chicken-and-burgers-huntington-park, Dino's Chicken and Burgers, True,3235854444,67,4, Huntington Park, CA,90255, , , , , , , , , , , , , , , , , , , , [u'Burgers', u'burgers'], [u'Chicken Wings', u'chicken_wings'], ,,,,,,,,,,,,,,,,,,,,,,,,,,,,,,,,,,,,,,
pollo-campero-restaurant-los-angeles, Pollo Campero Restaurant, False,3232901130,18,2.5, Los Angeles, CA,90047, Under $10, No, No, Yes, Yes, , , Yes, Yes, Yes, Casual, , Average, No, No, No, No, No, Yes, [u'American (New)', u'newamerican'], [u'Fast Food', u'hotdogs'], ,,,,,,,,,,,,,,,,,,,,,,,,,,,,,,,,,,,,,,
in-n-out-burger-huntington-park, In-N-Out Burger, False, ,92,4, Huntington Park, CA,90255, , , , , , , , , , , , , , , , , , , , [u'Burgers', u'burgers'], [u'Fast Food', u'hotdogs'], ,,,,,,,,,,,,,,,,,,,,,,,,,,,,,,,,,,,,,,
mcdonalds-huntington-park-4, McDonalds, False,3235814267,10,2, Huntington Park, CA,90255, Under $10, No, No, Yes, Yes, , , No, Yes, Yes, Casual, , Loud, , Yes, Free, No, , , [u'Fast Food', u'hotdogs'], [u'Burgers', u'burgers'], ,,,,,,,,,,,,,,,,,,,,,,,,,,,,,,,,,,,,,,
watts-coffee-house-los-angeles, Watts Coffee House, True,3232494343,69,4, Los Angeles, CA,90002, $11-30, Yes, Yes, Yes, Yes, Breakfast, Private Lot, Yes, Yes, Yes, Casual, Casual, Average, No, Yes, Free, Yes, Yes, Yes, [u'Coffee & Tea', u'coffee'], [u'Breakfast & Brunch', u'breakfast_brunch'], ,,,,,,,,,,,,,,,,,,,,,,,,,,,,,,,,,,,,,,
mariscos-lindas-restaurant-huntington-park, Marisco's Lindas Restaurant, False,3235862056,7,2.5, Huntington Park, CA,90255, $11-30, , , , Yes, , , Yes, Yes, Yes, Casual, , Very Loud, , , No, , Yes, , [u'Seafood', u'seafood'], [u'Mexican', u'mexican'], ,,,,,,,,,,,,,,,,,,,,,,,,,,,,,,,,,,,,,,
toms-express-huntington-park-2, Tom's Express, True,3235818179,14,3.5, Huntington Park, CA,90255, , , , , , , , , , , , , , , , , , , , [u'Burgers', u'burgers'], [u'Mexican', u'mexican'], ,,,,,,,,,,,,,,,,,,,,,,,,,,,,,,,,,,,,,,
figueroa-philly-cheese-steak-los-angeles, Figueroa Philly Cheese Steak, True,2137489073,501,4.5, Los Angeles, CA,90037, Under $10, No, No, Yes, Yes, Lunch, Private Lot, Yes, Yes, Yes, Casual, Casual, Average, No, Yes, No, Yes, No, No, [u'Cheesesteaks', u'cheesesteaks'], [u'Sandwiches', u'sandwiches'], ,,,,,,,,,,,,,,,,,,,,,,,,,,,,,,,,,,,,,,
burger-plaza-grill-los-angeles, Burger Plaza Grill, False,2137659787,38,4.5, Los Angeles, CA,90007, , , , , , , , , , , , , , , , , , , , [u'Burgers', u'burgers'], [u'Sandwiches', u'sandwiches'], ,,,,,,,,,,,,,,,,,,,,,,,,,,,,,,,,,,,,,,
berthas-soul-food-cafe-los-angeles, Bertha's Soul Food Cafe, True,3237773373,40,3, Los Angeles, CA,90047, $11-30, No, No, Yes, No, Lunch+ Dinner, Street+ Private Lot, Yes, Yes, Yes, Casual, Casual, Average, No, No, No, Yes, Yes, Yes, [u'Southern', u'southern'], [u'Soul Food', u'soulfood'], ,,,,,,,,,,,,,,,,,,,,,,,,,,,,,,,,,,,,,,
master-burger-los-angeles, Master Burger, False,3232951940,60,4, Los Angeles, CA,90062, , , , , , , , , , , , , , , , , , , , [u'Burgers', u'burgers'], ,,,,,,,,,,,,,,,,,,,,,,,,,,,,,,,,,,,,,,,,
nhm-grill-los-angeles, NHM Grill, False, ,19,3, Los Angeles, CA,90037, , , , , , , , , , , , , , , , , , , , [u'American (Traditional)', u'tradamerican'], ,,,,,,,,,,,,,,,,,,,,,,,,,,,,,,,,,,,,,,,,
la-villa-basque-vivere-lounge-vernon-4, La Villa Basque Vivere Lounge, True,3235831696,34,2.5, Vernon, CA,90058, $11-30, Yes, No, Yes, Yes, Lunch, Private Lot, No, No, Yes, Casual, Casual, Average, Full Bar, No, Free, Yes, Yes, Yes, [u'Lounges', u'lounges'], [u'Modern European', u'modern_european'], [u'Dance Clubs', u'danceclubs'], ,,,,,,,,,,,,,,,,,,,,,,,,,,,,,,,,,,,,
